model,variant,sigma,n_seeds,frame_roc_auc_mean,frame_roc_auc_std,frame_pr_auc_mean,frame_pr_auc_std,base_rate_mean,base_rate_std,eer_mean,eer_std,event_roc_auc_mean,event_roc_auc_std,recall_at_fpr0.01_mean,recall_at_fpr0.01_std,recall_at_fpr0.05_mean,recall_at_fpr0.05_std,recall_at_fpr0.1_mean,recall_at_fpr0.1_std,fpr_at_thr_fpr0.05_mean,fpr_at_thr_fpr0.05_std,median_latency_at_fpr0.05_mean,median_latency_at_fpr0.05_std
COSKAD,T12,0,4,0.5987,0.0049,0.0983,0.0025,0.0674,0.0000,0.4341,0.0017,0.2940,0.0042,0.0243,0.0010,0.0508,0.0101,0.1799,0.0301,0.0542,0.0057,7.3750,8.0765
COSKAD,T12,8,4,0.6895,0.0045,0.1084,0.0017,0.0674,0.0000,0.3810,0.0023,0.3147,0.0135,0.0220,0.0011,0.0447,0.0078,0.1625,0.0267,0.0500,0.0068,6.2500,2.5331
COSKAD,T32,0,4,0.5723,0.0011,0.0859,0.0025,0.0674,0.0000,0.4528,0.0007,0.2280,0.0115,0.0178,0.0101,0.0380,0.0048,0.1023,0.0554,0.0556,0.0114,12.3750,3.5444
COSKAD,T32,8,4,0.6142,0.0015,0.0886,0.0026,0.0674,0.0000,0.4285,0.0066,0.2313,0.0108,0.0187,0.0045,0.0344,0.0037,0.0958,0.0512,0.0531,0.0108,5.5000,1.5811
COSKAD,T48,0,4,0.5347,0.0031,0.0817,0.0026,0.0674,0.0000,0.4905,0.0000,0.1925,0.0091,0.0316,0.0102,0.0517,0.0097,0.0769,0.0234,0.0711,0.0148,0.0000,0.0000
COSKAD,T48,8,4,0.5462,0.0043,0.0780,0.0021,0.0674,0.0000,0.4600,0.0054,0.2014,0.0107,0.0277,0.0060,0.0492,0.0091,0.0799,0.0256,0.0723,0.0126,0.0000,0.0000
COSKAD,fdrop05,0,4,0.5251,0.0467,0.0908,0.0302,0.0674,0.0000,0.4773,0.0439,0.2267,0.0605,0.0354,0.0265,0.1022,0.0910,0.1229,0.1012,0.0493,0.0008,11.0000,14.0949
COSKAD,fdrop05,8,4,0.6112,0.1463,0.1178,0.0661,0.0674,0.0000,0.4124,0.1227,0.2844,0.0605,0.0385,0.0288,0.1066,0.0904,0.1799,0.1310,0.0498,0.0002,15.3750,19.6103
COSKAD,fdrop10,0,4,0.5027,0.0090,0.0693,0.0023,0.0674,0.0000,0.4973,0.0090,0.2609,0.0553,0.0124,0.0140,0.0186,0.0228,0.0186,0.0228,0.0131,0.0062,nan,nan
COSKAD,fdrop10,8,4,0.5968,0.0366,0.1009,0.0236,0.0674,0.0000,0.4038,0.0347,0.3769,0.0784,0.0297,0.0188,0.1452,0.0593,0.2621,0.0649,0.0499,0.0001,4.0000,8.0000
COSKAD,gauss1,0,4,0.5990,0.0027,0.0969,0.0040,0.0674,0.0000,0.4359,0.0041,0.2792,0.0058,0.0253,0.0008,0.0712,0.0102,0.1626,0.0372,0.0496,0.0003,3.7500,3.0687
COSKAD,gauss1,8,4,0.6924,0.0025,0.1091,0.0039,0.0674,0.0000,0.3784,0.0049,0.3020,0.0054,0.0222,0.0015,0.0640,0.0171,0.1488,0.0312,0.0497,0.0002,4.8750,6.0605
COSKAD,gauss2,0,4,0.5988,0.0026,0.0968,0.0040,0.0674,0.0000,0.4355,0.0032,0.2779,0.0070,0.0253,0.0008,0.0714,0.0094,0.1607,0.0394,0.0496,0.0004,3.7500,2.8723
COSKAD,gauss2,8,4,0.6913,0.0026,0.1088,0.0039,0.0674,0.0000,0.3803,0.0052,0.3014,0.0063,0.0222,0.0015,0.0642,0.0176,0.1483,0.0313,0.0497,0.0002,6.7500,5.3774
COSKAD,gauss4,0,4,0.5989,0.0024,0.0967,0.0037,0.0674,0.0000,0.4339,0.0044,0.2772,0.0053,0.0253,0.0008,0.0717,0.0104,0.1542,0.0302,0.0497,0.0003,3.5000,2.6771
COSKAD,gauss4,8,4,0.6878,0.0023,0.1078,0.0037,0.0674,0.0000,0.3858,0.0052,0.3012,0.0076,0.0222,0.0015,0.0644,0.0171,0.1460,0.0308,0.0495,0.0003,5.2500,3.5940
COSKAD,gauss8,0,4,0.5974,0.0025,0.0959,0.0040,0.0674,0.0000,0.4340,0.0054,0.2753,0.0058,0.0253,0.0008,0.0712,0.0079,0.1594,0.0288,0.0498,0.0001,4.2500,2.0616
COSKAD,gauss8,8,4,0.6756,0.0019,0.1043,0.0039,0.0674,0.0000,0.4089,0.0060,0.2912,0.0054,0.0218,0.0016,0.0623,0.0174,0.1433,0.0297,0.0488,0.0011,4.2500,5.3151
COSKAD,jdrop05,0,4,0.5581,0.0035,0.0723,0.0011,0.0674,0.0000,0.4387,0.0019,0.2646,0.0207,0.0051,0.0036,0.0301,0.0037,0.0789,0.0155,0.0482,0.0020,5.3750,4.4977
COSKAD,jdrop05,8,4,0.6483,0.0049,0.0849,0.0016,0.0674,0.0000,0.3918,0.0031,0.3034,0.0342,0.0037,0.0049,0.0238,0.0064,0.0608,0.0118,0.0492,0.0006,2.0000,2.3094
COSKAD,jdrop10,0,4,0.5522,0.0045,0.0702,0.0013,0.0674,0.0000,0.4399,0.0056,0.2430,0.0091,0.0023,0.0019,0.0244,0.0109,0.0800,0.0269,0.0493,0.0008,5.2500,3.8622
COSKAD,jdrop10,8,4,0.6367,0.0058,0.0819,0.0015,0.0674,0.0000,0.4028,0.0067,0.2787,0.0062,0.0000,0.0000,0.0200,0.0073,0.0624,0.0205,0.0491,0.0006,10.6250,14.5337
COSKAD,jdrop20,0,4,0.5556,0.0050,0.0724,0.0035,0.0674,0.0000,0.4431,0.0025,0.2711,0.0072,0.0085,0.0071,0.0277,0.0089,0.0753,0.0175,0.0493,0.0010,6.5000,4.5644
COSKAD,jdrop20,8,4,0.6439,0.0086,0.0840,0.0028,0.0674,0.0000,0.3911,0.0106,0.3018,0.0115,0.0062,0.0073,0.0142,0.0099,0.0552,0.0218,0.0355,0.0237,nan,nan
COSKAD,main,0,4,0.5990,0.0027,0.0969,0.0040,0.0674,0.0000,0.4358,0.0033,0.2790,0.0065,0.0202,0.0061,0.0582,0.0141,0.1970,0.0378,0.0410,0.0029,12.3750,10.0447
COSKAD,main,8,4,0.6927,0.0026,0.1092,0.0039,0.0674,0.0000,0.3783,0.0052,0.3020,0.0065,0.0179,0.0068,0.0447,0.0125,0.1900,0.0286,0.0366,0.0028,8.1250,2.5941
COSKAD,norm_stan,0,4,0.5839,0.0019,0.0850,0.0012,0.0674,0.0000,0.4331,0.0019,0.2822,0.0105,0.0171,0.0062,0.1584,0.0114,0.2700,0.0240,0.0968,0.0039,6.1250,2.5290
COSKAD,norm_stan,8,4,0.6490,0.0017,0.0909,0.0012,0.0674,0.0000,0.4375,0.0006,0.2801,0.0134,0.0168,0.0138,0.1551,0.0101,0.2730,0.0160,0.1073,0.0093,2.3750,2.2867
MoCoDAD,fdrop05,0,4,0.7306,0.0126,0.1364,0.0092,0.0674,0.0000,0.3361,0.0108,0.2337,0.0099,0.0464,0.0048,0.1353,0.0321,0.2223,0.0375,0.0499,0.0000,0.5000,0.5774
MoCoDAD,fdrop05,8,4,0.7381,0.0170,0.1394,0.0110,0.0674,0.0000,0.3434,0.0193,0.2692,0.0065,0.0551,0.0027,0.1524,0.0294,0.2205,0.0359,0.0497,0.0003,0.0000,0.0000
MoCoDAD,fdrop10,0,4,0.7258,0.0092,0.1357,0.0089,0.0674,0.0000,0.3344,0.0065,0.2332,0.0131,0.0437,0.0047,0.1338,0.0353,0.2262,0.0291,0.0497,0.0002,1.2500,0.9574
MoCoDAD,fdrop10,8,4,0.7405,0.0150,0.1409,0.0111,0.0674,0.0000,0.3424,0.0186,0.2674,0.0046,0.0579,0.0046,0.1534,0.0294,0.2225,0.0392,0.0497,0.0002,0.0000,0.0000
MoCoDAD,gauss1,0,4,0.7349,0.0118,0.1393,0.0137,0.0674,0.0000,0.3376,0.0082,0.2282,0.0140,0.0460,0.0075,0.1338,0.0341,0.2161,0.0394,0.0499,0.0001,1.7500,1.4434
MoCoDAD,gauss1,8,4,0.7321,0.0178,0.1437,0.0174,0.0674,0.0000,0.3453,0.0154,0.2655,0.0173,0.0546,0.0075,0.1537,0.0337,0.2141,0.0457,0.0499,0.0001,1.0000,1.2247
MoCoDAD,gauss2,0,4,0.7411,0.0115,0.1502,0.0050,0.0674,0.0000,0.3330,0.0121,0.2413,0.0114,0.0544,0.0039,0.1423,0.0279,0.2264,0.0364,0.0499,0.0001,2.6250,1.9738
MoCoDAD,gauss2,8,4,0.7379,0.0180,0.1548,0.0078,0.0674,0.0000,0.3433,0.0171,0.2757,0.0091,0.0619,0.0111,0.1553,0.0237,0.2262,0.0383,0.0496,0.0001,1.7500,2.0616
MoCoDAD,gauss4,0,4,0.7380,0.0117,0.1451,0.0138,0.0674,0.0000,0.3346,0.0105,0.2572,0.0174,0.0510,0.0125,0.1441,0.0303,0.2293,0.0466,0.0498,0.0003,3.3750,1.9738
MoCoDAD,gauss4,8,4,0.7368,0.0160,0.1471,0.0183,0.0674,0.0000,0.3467,0.0197,0.2885,0.0200,0.0538,0.0162,0.1620,0.0340,0.2344,0.0532,0.0499,0.0001,1.5000,1.9149
MoCoDAD,gauss8,0,4,0.7247,0.0126,0.1328,0.0144,0.0674,0.0000,0.3447,0.0121,0.2474,0.0132,0.0352,0.0187,0.1271,0.0081,0.2189,0.0307,0.0499,0.0000,2.3750,3.5444
MoCoDAD,gauss8,8,4,0.7202,0.0165,0.1340,0.0195,0.0674,0.0000,0.3598,0.0175,0.2827,0.0134,0.0331,0.0239,0.1436,0.0123,0.2282,0.0277,0.0496,0.0002,1.3750,1.8875
MoCoDAD,jdrop05,0,4,0.7379,0.0107,0.1401,0.0084,0.0674,0.0000,0.3329,0.0094,0.2380,0.0095,0.0512,0.0057,0.1312,0.0316,0.2207,0.0317,0.0499,0.0002,1.8750,0.8539
MoCoDAD,jdrop05,8,4,0.7381,0.0158,0.1427,0.0121,0.0674,0.0000,0.3418,0.0172,0.2720,0.0075,0.0605,0.0046,0.1569,0.0382,0.2200,0.0393,0.0498,0.0002,0.0000,0.0000
MoCoDAD,jdrop10,0,4,0.7360,0.0111,0.1365,0.0077,0.0674,0.0000,0.3326,0.0120,0.2326,0.0150,0.0427,0.0061,0.1348,0.0323,0.2228,0.0301,0.0499,0.0000,3.1250,1.7500
MoCoDAD,jdrop10,8,4,0.7353,0.0152,0.1376,0.0081,0.0674,0.0000,0.3425,0.0176,0.2670,0.0144,0.0548,0.0048,0.1517,0.0332,0.2223,0.0339,0.0487,0.0010,0.0000,0.0000
MoCoDAD,jdrop20,0,4,0.7373,0.0078,0.1370,0.0078,0.0674,0.0000,0.3324,0.0068,0.2380,0.0124,0.0469,0.0031,0.1266,0.0246,0.2137,0.0310,0.0497,0.0003,3.1250,2.5941
MoCoDAD,jdrop20,8,4,0.7373,0.0122,0.1380,0.0110,0.0674,0.0000,0.3409,0.0112,0.2700,0.0065,0.0538,0.0027,0.1478,0.0295,0.2119,0.0291,0.0495,0.0005,0.0000,0.0000
MoCoDAD,main,0,4,0.7364,0.0115,0.1374,0.0094,0.0674,0.0000,0.3363,0.0131,0.2350,0.0075,0.0502,0.0051,0.1822,0.0371,0.3398,0.0337,0.0720,0.0066,0.7500,0.5000
MoCoDAD,main,8,4,0.7372,0.0164,0.1391,0.0106,0.0674,0.0000,0.3432,0.0179,0.2683,0.0045,0.0596,0.0025,0.2045,0.0474,0.3359,0.0332,0.0794,0.0105,0.0000,0.0000
MoCoDAD,norm_markovitz,0,4,0.6700,0.0288,0.1001,0.0095,0.0674,0.0000,0.3858,0.0433,0.2193,0.0264,0.0212,0.0181,0.0883,0.0190,0.1988,0.0185,0.0482,0.0120,0.0000,0.0000
MoCoDAD,norm_markovitz,8,4,0.6709,0.0268,0.1015,0.0111,0.0674,0.0000,0.3942,0.0444,0.2596,0.0254,0.0249,0.0317,0.1105,0.0330,0.2112,0.0154,0.0604,0.0144,0.0000,0.0000
MoCoDAD,norm_stan,0,4,0.7133,0.0316,0.1282,0.0255,0.0674,0.0000,0.3625,0.0246,0.2480,0.0628,0.0346,0.0107,0.1315,0.0449,0.2244,0.0889,0.0462,0.0019,7.2500,4.4253
MoCoDAD,norm_stan,8,4,0.7129,0.0404,0.1276,0.0278,0.0674,0.0000,0.3642,0.0341,0.2352,0.0477,0.0332,0.0039,0.1281,0.0479,0.2133,0.0682,0.0479,0.0047,3.6250,2.9262
STG-NF,T12,0,4,0.6727,0.0467,0.1012,0.0170,0.0674,0.0000,0.3911,0.0363,0.3110,0.0405,0.0233,0.0162,0.0740,0.0278,0.1551,0.0556,0.0606,0.0049,6.3750,2.6887
STG-NF,T12,8,4,0.6660,0.0528,0.0944,0.0187,0.0674,0.0000,0.3878,0.0323,0.2870,0.0653,0.0117,0.0235,0.0443,0.0469,0.1076,0.0800,0.0723,0.0113,nan,nan
STG-NF,T32,0,4,0.5181,0.0957,0.0958,0.0536,0.0674,0.0000,0.4548,0.0885,0.2064,0.0299,0.0546,0.0588,0.1209,0.1278,0.1848,0.1448,0.0764,0.0193,8.1250,5.8648
STG-NF,T32,8,4,0.5184,0.0989,0.1078,0.0794,0.0674,0.0000,0.4559,0.0906,0.2295,0.0480,0.0720,0.0966,0.1305,0.1295,0.1767,0.1561,0.0860,0.0233,18.8750,33.2475
STG-NF,T48,0,4,0.4360,0.0328,0.0698,0.0103,0.0674,0.0000,0.5090,0.0357,0.1644,0.0230,0.0073,0.0085,0.0179,0.0121,0.0764,0.0517,0.0413,0.0233,43.6250,50.5196
STG-NF,T48,8,4,0.4404,0.0340,0.0711,0.0115,0.0674,0.0000,0.5049,0.0382,0.1851,0.0349,0.0065,0.0076,0.0152,0.0137,0.0846,0.0542,0.0451,0.0327,nan,nan
STG-NF,fdrop05,0,4,0.6657,0.0818,0.1050,0.0290,0.0674,0.0000,0.3937,0.0824,0.3234,0.0264,0.0109,0.0114,0.0810,0.0507,0.1604,0.0893,0.0495,0.0007,11.2500,3.4761
STG-NF,fdrop05,8,4,0.6669,0.0899,0.1084,0.0382,0.0674,0.0000,0.3888,0.0885,0.3460,0.0632,0.0187,0.0236,0.0794,0.0724,0.1674,0.0958,0.0493,0.0006,9.0000,9.0277
STG-NF,fdrop10,0,4,0.6946,0.1150,0.1214,0.0446,0.0674,0.0000,0.3447,0.0883,0.3262,0.0575,0.0096,0.0067,0.0950,0.0583,0.2106,0.1059,0.0495,0.0006,7.6250,2.7500
STG-NF,fdrop10,8,4,0.7026,0.1321,0.1408,0.0706,0.0674,0.0000,0.3459,0.1109,0.3691,0.0815,0.0189,0.0306,0.1379,0.0962,0.2510,0.1369,0.0499,0.0000,1.7500,3.5000
STG-NF,gauss1,0,4,0.6590,0.0784,0.1040,0.0265,0.0674,0.0000,0.4014,0.0793,0.3362,0.0234,0.0116,0.0109,0.0779,0.0382,0.1688,0.0905,0.0497,0.0002,9.3750,3.1983
STG-NF,gauss1,8,4,0.6594,0.0825,0.1055,0.0326,0.0674,0.0000,0.3970,0.0841,0.3513,0.0536,0.0183,0.0142,0.0818,0.0718,0.1553,0.0939,0.0490,0.0005,7.1250,2.6575
STG-NF,gauss2,0,4,0.6599,0.0802,0.1042,0.0266,0.0674,0.0000,0.3999,0.0790,0.3382,0.0292,0.0095,0.0100,0.0786,0.0386,0.1656,0.0888,0.0495,0.0001,9.2500,3.9686
STG-NF,gauss2,8,4,0.6590,0.0860,0.1055,0.0330,0.0674,0.0000,0.3972,0.0851,0.3491,0.0533,0.0169,0.0120,0.0813,0.0639,0.1558,0.0970,0.0495,0.0007,7.1250,2.6575
STG-NF,gauss4,0,4,0.6586,0.0812,0.1041,0.0283,0.0674,0.0000,0.4026,0.0806,0.3338,0.0261,0.0095,0.0077,0.0825,0.0482,0.1659,0.0898,0.0498,0.0001,11.1250,3.3260
STG-NF,gauss4,8,4,0.6586,0.0856,0.1063,0.0358,0.0674,0.0000,0.3942,0.0828,0.3493,0.0561,0.0213,0.0193,0.0831,0.0721,0.1587,0.0965,0.0491,0.0008,5.7500,5.5603
STG-NF,gauss8,0,4,0.6655,0.0789,0.1042,0.0269,0.0674,0.0000,0.3967,0.0805,0.3288,0.0448,0.0090,0.0067,0.0689,0.0437,0.1635,0.0806,0.0496,0.0001,10.6250,5.5883
STG-NF,gauss8,8,4,0.6654,0.0840,0.1066,0.0334,0.0674,0.0000,0.3892,0.0879,0.3419,0.0626,0.0173,0.0207,0.0647,0.0600,0.1436,0.1075,0.0483,0.0015,6.3750,6.0191
STG-NF,jdrop05,0,4,0.6627,0.0387,0.0953,0.0155,0.0674,0.0000,0.3892,0.0372,0.2452,0.0217,0.0067,0.0064,0.0626,0.0208,0.1305,0.0466,0.0491,0.0016,14.1250,3.7942
STG-NF,jdrop05,8,4,0.6529,0.0508,0.0927,0.0189,0.0674,0.0000,0.3910,0.0494,0.2875,0.0342,0.0077,0.0140,0.0510,0.0241,0.1079,0.0681,0.0486,0.0018,9.8750,4.9392
STG-NF,jdrop10,0,4,0.6723,0.0291,0.0992,0.0102,0.0674,0.0000,0.3887,0.0209,0.2552,0.0106,0.0166,0.0098,0.0688,0.0207,0.1351,0.0292,0.0496,0.0003,12.1250,4.2500
STG-NF,jdrop10,8,4,0.6652,0.0417,0.0956,0.0133,0.0674,0.0000,0.3921,0.0393,0.2927,0.0206,0.0143,0.0113,0.0474,0.0166,0.1017,0.0235,0.0498,0.0001,14.2500,6.5000
STG-NF,jdrop20,0,4,0.6510,0.0498,0.0976,0.0231,0.0674,0.0000,0.3970,0.0423,0.2348,0.0172,0.0168,0.0146,0.0675,0.0311,0.1323,0.0473,0.0497,0.0002,13.2500,2.8723
STG-NF,jdrop20,8,4,0.6386,0.0660,0.0979,0.0380,0.0674,0.0000,0.4091,0.0577,0.2589,0.0719,0.0259,0.0285,0.0513,0.0468,0.1067,0.0855,0.0480,0.0027,30.3750,35.2358
STG-NF,main,0,4,0.6604,0.0779,0.1043,0.0264,0.0674,0.0000,0.4011,0.0792,0.3378,0.0226,0.0160,0.0163,0.0813,0.0447,0.1669,0.0797,0.0467,0.0080,8.6250,5.0229
STG-NF,main,8,4,0.6600,0.0825,0.1057,0.0325,0.0674,0.0000,0.3957,0.0830,0.3532,0.0549,0.0192,0.0154,0.0742,0.0676,0.1705,0.0644,0.0426,0.0069,7.0000,3.3417
STG-NF,norm_raw,0,4,0.6339,0.0575,0.0920,0.0167,0.0674,0.0000,0.4055,0.0597,0.2809,0.0343,0.0321,0.0337,0.1217,0.0613,0.1952,0.1041,0.0841,0.0461,3.1250,4.4791
STG-NF,norm_raw,8,4,0.6300,0.0585,0.0915,0.0179,0.0674,0.0000,0.4127,0.0556,0.3029,0.0203,0.0636,0.0763,0.1320,0.0713,0.1954,0.1025,0.0865,0.0509,0.0000,0.0000
motion-energy,accel,0,4,0.5082,0.0000,0.0629,0.0000,0.0674,0.0000,0.4571,0.0000,0.1254,0.0000,0.0000,0.0000,0.0065,0.0000,0.0326,0.0000,0.0590,0.0000,0.0000,0.0000
motion-energy,accel,8,4,0.4953,0.0000,0.0606,0.0000,0.0674,0.0000,0.4694,0.0000,0.1385,0.0000,0.0000,0.0000,0.0065,0.0000,0.0378,0.0000,0.0633,0.0000,0.0000,0.0000
motion-energy,speed,0,4,0.5054,0.0000,0.0625,0.0000,0.0674,0.0000,0.4738,0.0000,0.1167,0.0000,0.0000,0.0000,0.0065,0.0000,0.0326,0.0000,0.0582,0.0000,0.0000,0.0000
motion-energy,speed,8,4,0.4929,0.0000,0.0604,0.0000,0.0674,0.0000,0.4739,0.0000,0.1324,0.0000,0.0000,0.0000,0.0065,0.0000,0.0359,0.0000,0.0608,0.0000,0.0000,0.0000
